Type,Name,Request Count,Failure Count,Median Response Time,Average Response Time,Min Response Time,Max Response Time,Average Content Size,Requests/s,Failures/s,50%,66%,75%,80%,90%,95%,98%,99%,99.9%,99.99%,100%
POST,/api/feedbacks/,25,25,26,33.448145279544406,16.113360001327237,110.35730199728278,161.0,0.840018816339453,0.840018816339453,26,28,35,39,61,64,110,110,110,110,110
GET,/api/feedbacks/protocolo/PROTO-TEST-001/,15,0,41,44.053136999961374,29.925645001640078,83.4343339993211,13329.0,0.5040112898036717,0.0,41,46,48,50,59,83,83,83,83,83,83
GET,/api/tenant-info/,27,0,24,25.181124111474706,15.695255002356134,54.8295570006303,173.0,0.9072203216466092,0.0,24,26,27,27,40,45,55,55,55,55,55
GET,/health/,55,0,26,35.305630108963335,13.555404999351595,203.2488020013261,59.0,1.8480413959467965,0.0,26,37,41,43,56,99,110,200,200,200,200
,Aggregated,122,25,26,33.759841754023206,13.555404999351595,203.2488020013261,1736.688524590164,4.099291823736531,0.840018816339453,26,35,39,43,54,72,110,110,200,200,200
